F1,F2,F3,F4,F5,F6,F7,F8,F9,F10,F11,F12,F13,F14,F15,F16,F17,F18,F19,F20,F21,F22,F23,F24,F25,F26,F27,F28,F29,F30,F31,F32,F33,F34,F35,F36,F37,F38,F39,F40,F41,F42,F43,F44,F45,F46,F47,F48,F49,F50,F51,F52,F53,F54,F55,F56,F57,F58,F59,F60,F61,F62,F63,F64,KELAS
0.037122986,0.031695365,0.035119079,0.0309827,0.030093413,0.031695365,0.028619977,0.0309827,0.027008763,0.026339146,0.025645124,0.025643492,3.536344398,5.029232607,4.001959858,5.370419653,6.376644698,5.029232607,7.082795381,5.370419653,8.72581838,8.618862788,9.577670826,9.161469602,43.61584169,82.56289476,58.43492326,99.82325007,131.6572296,82.56289476,172.1223927,99.82325007,233.0400951,227.1429123,294.3632323,264.4735312,0.367215479,0.282248083,0.340818768,0.279723599,0.257359235,0.282248083,0.23639295,0.279723599,0.21129877,0.200942973,0.194835187,0.197367174,104.8962401,63.79325334,64.64578405,57.68037013,80.46512504,63.63854123,4069.579172,3327.025099,4049.863929,0.002951209,2.93E-06,1.68E-09,5.97E-10,4.73E-19,1.01E-12,-3.66E-19,Blue Tang Fish
0.011000926,0.010694663,0.010996949,0.010688629,0.010358073,0.010694663,0.010342802,0.010688629,0.010572541,0.010589149,0.010538276,0.010573504,15.80758262,16.85917245,15.78749075,16.88088066,18.78694845,16.85917245,18.82027062,16.88088066,17.38340614,17.35504163,17.48230163,17.41463619,432.4996007,486.7244043,431.5082545,488.0340502,608.5058503,486.7244043,610.4834113,488.0340502,519.4373849,521.046963,524.8494027,524.5328369,0.081172865,0.074545029,0.080711171,0.074452996,0.068051754,0.074545029,0.067249847,0.074452996,0.071150401,0.071186599,0.069907005,0.070897047,152.7176134,93.86775373,80.29908198,48.77698894,42.845238,52.99165011,8811.15519,2379.19465,2808.114981,0.002467911,7.24E-07,3.17E-11,1.98E-11,6.13E-23,1.41E-14,4.92E-22,Blue Tang Fish
0.029016365,0.023744027,0.026828326,0.023502455,0.022060665,0.023744027,0.020364655,0.023502455,0.018844752,0.018256678,0.017373073,0.01811883,2.713983736,4.579006375,3.814788526,4.341364873,4.799691246,4.579006375,6.261518868,4.341364873,6.49395446,7.302367678,8.237407641,7.135020632,31.30689313,110.852333,81.24961265,78.94132045,87.80513528,110.852333,190.9916698,78.94132045,149.1276655,244.7766466,299.4554744,192.0729318,0.452871776,0.356107027,0.414856697,0.342106388,0.31009157,0.356107027,0.28120293,0.342106388,0.242702481,0.240942805,0.218104217,0.228112243,111.3176286,76.39685009,103.6508344,79.13890693,102.1915862,74.6564863,5836.478704,6262.96659,5573.590947,0.001742694,6.15E-07,1.00E-10,1.38E-10,1.43E-20,8.17E-14,7.82E-21,Blue Tang Fish
0.024088239,0.02076997,0.023348203,0.020837934,0.01965554,0.02076997,0.01921099,0.020837934,0.018141374,0.018046421,0.017952924,0.018142624,2.403425057,3.304932657,2.655897525,3.309080828,3.684929078,3.304932657,4.056783129,3.309080828,4.473622765,4.602434558,4.854602843,4.591978838,12.87177333,26.188555,18.42891338,26.20193169,30.67442289,26.188555,43.868576,26.20193169,48.65804634,55.68224618,67.3370248,56.1055565,0.379200976,0.299056203,0.361979661,0.301986671,0.271391581,0.299056203,0.263636937,0.301986671,0.236536297,0.234183874,0.234944901,0.23784809,99.79956042,49.48405655,107.8964285,55.79847514,107.8814646,63.17682574,2448.671852,3113.469828,3991.311311,0.001897269,8.64E-07,9.64E-11,3.98E-11,1.82E-22,2.21E-14,2.46E-21,Blue Tang Fish
0.046775077,0.039093886,0.045380444,0.039768409,0.036815757,0.039093886,0.035603226,0.039768409,0.032317249,0.031124409,0.030930507,0.031678198,2.022207169,3.199145191,2.468245866,2.830022688,3.319232746,3.199145191,4.115018188,2.830022688,4.045711815,4.747528465,5.17629135,4.267450937,15.42370294,43.90884477,28.03058247,30.54848478,40.40958411,43.90884477,75.78640793,30.54848478,62.21833814,97.98464896,119.1955159,73.36249734,0.538174262,0.439489561,0.516188888,0.45369678,0.410879373,0.439489561,0.390895692,0.45369678,0.349335234,0.329834843,0.32784716,0.343859518,86.97640002,79.12847884,56.15259481,40.26424485,52.94436063,44.80542502,6261.316164,1621.209414,2007.526111,0.003063231,1.41E-06,1.02E-09,1.16E-10,-3.77E-20,-6.77E-14,-1.29E-20,Blue Tang Fish
0.044219964,0.037615067,0.04221273,0.037693521,0.036180111,0.037615067,0.034884319,0.037693521,0.032794691,0.031603488,0.031584293,0.031632792,4.941328993,6.729223143,5.97621955,7.088144334,6.934934584,6.729223143,8.6281823,7.088144334,8.005097358,8.967417138,10.1616666,9.456945619,92.0968034,168.9091725,156.7253983,203.8849301,160.9055342,168.9091725,308.3328014,203.8849301,205.1409581,303.8111176,409.5753619,343.7368817,0.378510987,0.302037238,0.350693216,0.29961684,0.281054854,0.302037238,0.261249583,0.29961684,0.242940384,0.231995315,0.225421839,0.228334425,79.42060516,94.23260026,70.99940116,54.65302038,53.66385214,39.23173394,8879.782952,2986.952636,1539.128948,0.002369946,1.01E-06,5.69E-10,1.42E-11,-7.40E-22,9.79E-15,1.04E-21,Blue Tang Fish
0.027188195,0.022339453,0.024839458,0.022072252,0.021283472,0.022339453,0.01922601,0.022072252,0.018732742,0.017665144,0.016639379,0.017378111,3.667593599,5.71573535,4.854978865,5.863921361,6.557839116,5.71573535,8.4227854,5.863921361,8.933794478,9.607182314,11.33654196,10.0962498,49.07877717,137.4896,117.1553955,146.3304862,143.4726608,137.4896,305.2035091,146.3304862,247.6966229,329.2904855,478.0941833,369.5144654,0.349584594,0.2688252,0.319471667,0.264216701,0.233185516,0.2688252,0.210434641,0.264216701,0.189020972,0.183008899,0.16687968,0.178593933,97.94155695,79.36959389,77.70690466,48.87838037,70.15366392,47.57820295,6299.532434,2389.096067,2263.685396,0.002137024,9.18E-08,1.94E-10,2.39E-12,-2.14E-23,1.86E-16,-4.68E-23,Blue Tang Fish
0.033539876,0.026198464,0.029717754,0.026166214,0.027294579,0.026198464,0.023348648,0.026166214,0.024280011,0.021116296,0.020760186,0.020991328,3.031709091,5.138285193,4.352803355,5.62326543,5.148955677,5.138285193,7.518027016,5.62326543,6.691192214,8.440269679,10.01616895,9.226757619,80.50046061,169.641879,125.9349313,201.7709821,173.4520279,169.641879,335.5818768,201.7709821,226.5601338,379.5074571,528.6072339,453.4347991,0.449521225,0.32424185,0.394092782,0.325606163,0.321445244,0.32424185,0.272614233,0.325606163,0.261032646,0.224952608,0.219724982,0.22784207,104.4545312,69.3422196,77.5876588,61.49924246,35.0261343,48.73557398,4808.34342,3782.156823,2375.156171,0.00298892,2.46E-06,1.45E-10,1.97E-10,2.20E-20,2.20E-13,-2.51E-20,Blue Tang Fish
0.147242692,0.135912383,0.148391099,0.136004477,0.137199998,0.135912383,0.138552382,0.136004477,0.130490391,0.124226986,0.131488356,0.124423669,3.895098373,5.657225588,4.490196281,5.263066728,6.43953127,5.657225588,7.442720406,5.263066728,7.970595335,8.428624756,9.302446103,8.156157973,76.08944273,156.3460836,99.95565427,135.3066142,207.7858213,156.3460836,272.9976907,135.3066142,316.7353856,340.461212,421.1501002,325.4212384,0.545245648,0.4959119,0.539733926,0.498793017,0.4888081,0.4959119,0.486573159,0.498793017,0.465967184,0.448491438,0.463370376,0.450701014,163.3312208,51.88567586,110.9162816,49.63061126,52.79606883,75.97790236,2692.12336,2463.197574,5772.641647,0.001907183,7.05E-07,6.70E-11,2.56E-10,3.35E-20,1.97E-13,1.90E-21,Blue Tang Fish
0.062529864,0.054326979,0.062391517,0.054786243,0.051943008,0.054326979,0.052718193,0.054786243,0.046550495,0.045147366,0.047390902,0.045484792,3.763240348,5.328675958,3.776858999,4.281697756,5.704320894,5.328675958,5.945967522,4.281697756,6.242313297,6.512035127,6.862184249,6.107008343,86.81447948,171.9692593,81.52324867,89.82916985,183.5792026,171.9692593,191.5623939,89.82916985,196.2145224,215.3306963,236.7541607,182.9710901,0.544670771,0.482424355,0.536508047,0.488814674,0.465276937,0.482424355,0.463159048,0.488814674,0.424570895,0.413019442,0.424594673,0.416067571,188.8886732,65.26810057,99.77358939,36.70093696,40.4844803,40.76242552,4259.924952,1346.958774,1661.575334,0.001953535,4.00E-07,7.54E-12,2.62E-11,-2.98E-22,-5.25E-16,2.16E-22,Blue Tang Fish
0.019017322,0.014394559,0.015799159,0.014682529,0.015172094,0.014394559,0.01223316,0.014682529,0.01335886,0.011357068,0.010576323,0.011600866,7.656289683,12.38554289,10.38289683,12.38917012,13.78698555,12.38554289,17.47007474,12.38917012,18.64552553,20.44117115,23.54908909,20.28981077,147.5125198,415.9942801,343.7469048,435.1214326,446.9217339,415.9942801,794.4980767,435.1214326,780.5649249,980.786523,1294.445706,991.0996803,0.205422441,0.142084521,0.169080296,0.140950885,0.131142412,0.142084521,0.104726017,0.140950885,0.104742423,0.092099174,0.081039614,0.090484949,114.8310321,63.62170088,109.2852543,54.48052639,106.3049481,53.73710128,4047.720823,2968.127756,2887.676054,0.00165132,6.01E-09,9.79E-11,6.99E-14,-6.41E-27,4.19E-18,-1.83E-25,Blue Tang Fish
0.117167671,0.102384236,0.106484881,0.10263233,0.107277605,0.102384236,0.097976112,0.10263233,0.101122211,0.093725154,0.092927606,0.093213179,5.076880045,8.784090453,7.452797727,8.705165281,9.067973043,8.784090453,12.96778475,8.705165281,12.17914385,14.69615353,17.61561786,14.54318661,95.26991928,280.2695305,219.3953028,279.2236615,283.6585302,280.2695305,587.6166345,279.2236615,484.8417566,702.0266091,960.3166225,695.317911,0.407047572,0.304871264,0.335861204,0.305912344,0.319549619,0.304871264,0.260604549,0.305912344,0.280563247,0.241135129,0.227421402,0.243408278,93.78320662,86.77888408,49.45975799,48.95242355,63.07341878,57.94643354,7530.574722,2396.339771,3357.78916,0.002432138,5.67E-07,1.69E-09,2.40E-10,-6.05E-20,3.66E-14,-1.40E-19,Blue Tang Fish
0.030766831,0.025416253,0.029296447,0.025455182,0.02423225,0.025416253,0.022618622,0.025455182,0.021582688,0.020331416,0.019613202,0.020187541,6.178864143,8.649537061,5.641256039,7.363446082,10.44078869,8.649537061,9.491394482,7.363446082,13.17004474,13.20505753,12.13340816,11.49420242,264.391752,470.1729075,217.2696321,363.6202337,671.9682738,470.1729075,504.9843699,363.6202337,955.0980984,933.8296081,728.9249532,747.3487386,0.367702366,0.282118602,0.350826126,0.280374531,0.251919462,0.282118602,0.232180638,0.280374531,0.203096199,0.194423422,0.181111817,0.186229219,53.42827407,51.5851454,98.15076296,54.79394982,94.39651111,52.65079382,2661.027226,3002.376937,2772.10609,0.001780386,6.40E-07,7.81E-11,1.54E-11,-5.36E-22,-6.33E-15,4.13E-24,Clown Fish
0.046057824,0.041281387,0.044597351,0.038448179,0.036314365,0.041281387,0.035033975,0.038448179,0.031709137,0.033296217,0.030631088,0.030534054,3.256116814,4.451760019,3.314007859,4.639022199,6.045091869,4.451760019,6.183556139,4.639022199,8.474760783,8.037770272,8.693060818,8.405416627,54.26876299,98.56667714,45.96996785,89.51723836,181.2319283,98.56667714,157.1679916,89.51723836,337.4560692,305.9103869,299.7333559,279.3211331,0.448082966,0.391346778,0.429061783,0.350146971,0.326969459,0.391346778,0.307430148,0.350146971,0.268260978,0.288746315,0.25039593,0.248188085,40.48503485,49.47266538,66.59514494,51.72916177,99.21867971,59.28000491,2447.54462,2675.906178,3514.118982,0.002321187,1.59E-07,2.73E-10,1.19E-10,-1.56E-20,3.64E-14,-1.46E-20,Clown Fish
0.043387087,0.034630115,0.040587632,0.034554982,0.035910306,0.034630115,0.032744639,0.034554982,0.031742384,0.027331971,0.029002434,0.0271887,1.613787788,2.527498469,1.793463463,2.525154784,3.012443888,2.527498469,3.368456914,2.525154784,4.255283852,4.502410633,4.756263791,4.498240971,28.02206607,51.29403478,26.21243243,51.36000565,94.00042184,51.29403478,87.47650501,51.36000565,176.5712136,157.9160435,164.9328957,158.0444536,0.6395078,0.499012835,0.599144963,0.498013319,0.498511792,0.499012835,0.44755087,0.498013319,0.415774962,0.351216115,0.367400893,0.350050813,110.735241,69.05752321,117.007976,66.5629977,131.018486,63.80856535,4768.941512,4430.632662,4071.533012,0.001398791,6.59E-09,3.23E-11,7.53E-11,2.34E-21,1.69E-15,-2.88E-21,Clown Fish
0.030545544,0.024526194,0.027692948,0.024243296,0.023801014,0.024526194,0.021580762,0.024243296,0.021130446,0.019722138,0.019291658,0.019470483,2.305869245,3.416021288,2.610466471,3.404960206,4.172640365,3.416021288,4.667768943,3.404960206,5.715151553,5.860420582,6.330030481,5.806694565,22.74359717,45.59253847,25.52655667,43.66904788,74.15435231,45.59253847,82.71977842,43.66904788,139.2998577,140.4968412,154.2969999,130.0748772,0.47486602,0.359799711,0.421735802,0.354491098,0.339120406,0.359799711,0.29373788,0.354491098,0.282195984,0.256306331,0.244239801,0.251375755,130.6952676,92.07699812,99.29770138,63.81108228,107.7454543,52.70283102,8478.173582,4071.854221,2777.588397,0.001663282,4.60E-07,4.55E-10,1.51E-10,3.97E-20,1.02E-13,-1.05E-21,Clown Fish
0.026461482,0.022056987,0.026179536,0.022090508,0.019309253,0.022056987,0.019165269,0.022090508,0.016276607,0.016556329,0.016248737,0.016584853,3.095219811,4.334536414,3.137915971,4.353641712,5.743949275,4.334536414,5.738807135,4.353641712,8.144059185,7.788332905,8.005290341,7.724494133,56.74158041,95.43841851,51.99878408,98.3993718,169.6569928,95.43841851,150.4935953,98.3993718,289.3465941,256.6385527,249.7350558,252.3578819,0.376214689,0.286115485,0.371267538,0.286474212,0.232469359,0.286115485,0.227869952,0.286474212,0.174740246,0.178933885,0.172058203,0.177580216,91.40938889,56.97876798,107.9241667,44.04392743,124.9824111,57.91949937,3246.580001,1939.867544,3354.668407,0.001484372,9.25E-10,6.44E-12,8.81E-12,6.39E-23,1.04E-16,-1.78E-23,Clown Fish
0.047026845,0.041732788,0.04693448,0.041414717,0.039092112,0.041732788,0.038628807,0.041414717,0.035617773,0.035747293,0.035164498,0.035324325,9.294330477,11.95825536,8.738241594,12.42196272,16.33839396,11.95825536,15.33895604,12.42196272,21.92370706,20.08052258,20.40398698,20.61220622,290.7676302,509.4855254,282.7262864,516.5332784,863.4959266,509.4855254,826.6646404,516.5332784,1434.092217,1305.440974,1338.604428,1304.457037,0.240799032,0.203322658,0.251111125,0.194084263,0.169360979,0.203322658,0.174852927,0.194084263,0.140673815,0.14857497,0.144536894,0.140054611,55.39816692,56.58472168,73.51491803,61.39137598,91.29556384,78.00872866,3201.830728,3768.901044,6085.361748,0.00197439,5.38E-07,1.40E-10,5.59E-11,1.76E-21,-1.19E-14,4.63E-21,Clown Fish
0.030298793,0.02465994,0.029464783,0.02479203,0.02256398,0.02465994,0.021994346,0.02479203,0.019228377,0.018893112,0.018766144,0.019069087,5.026835483,6.949512347,4.754111776,6.761300142,9.04014861,6.949512347,8.451967871,6.761300142,12.64460077,12.21601844,11.5759798,11.72634835,245.0484552,342.785813,145.5997006,343.3698356,671.3317753,342.785813,405.7274699,343.3698356,1081.399571,867.3794372,661.6386869,847.3018315,0.377472335,0.272691826,0.357506358,0.277802046,0.240555368,0.272691826,0.224805167,0.277802046,0.182071915,0.171639914,0.170087347,0.173866113,89.74638889,73.17095935,75.285,54.64817927,96.4803373,62.33470181,5353.989293,2986.423497,3885.61505,0.002146338,1.33E-06,7.19E-12,5.14E-11,8.06E-22,4.19E-14,-5.73E-22,Clown Fish
0.016660541,0.013865088,0.015856228,0.013855794,0.012734281,0.013865088,0.01219531,0.013855794,0.010949232,0.011009507,0.010647161,0.010855745,7.68444002,10.03538388,8.100534802,11.27181705,13.71132867,10.03538388,14.29096419,11.27181705,18.72928321,17.24770605,19.37312258,19.11857795,255.6368143,345.2343506,236.2555476,509.0066883,727.0904695,345.2343506,666.4991771,509.0066883,1195.49211,886.8296212,1101.127483,1232.460669,0.235834883,0.16387474,0.213339307,0.170275906,0.147962296,0.16387474,0.128354252,0.170275906,0.11134088,0.101996586,0.098411223,0.106768054,79.05515873,61.15218861,106.4100198,62.52293007,143.6109524,73.52154089,3739.590172,3909.116785,5405.416975,0.001555719,5.89E-07,2.02E-10,1.04E-10,7.04E-21,4.32E-14,-1.33E-20,Clown Fish
0.051247786,0.044612733,0.051809479,0.044654303,0.041406726,0.044612733,0.041765316,0.044654303,0.037015429,0.036561275,0.037276415,0.036640393,0.913755187,1.290200665,0.943213974,1.274678474,1.557133254,1.290200665,1.628331808,1.274678474,1.996034056,2.039128641,2.100006158,2.010614723,4.432192168,8.317706685,4.977582938,8.644454801,13.10891185,8.317706685,15.26916149,8.644454801,23.36767988,22.75834125,27.78422698,24.75849584,0.70250164,0.626565499,0.703829269,0.628479746,0.585961106,0.626565499,0.586541046,0.628479746,0.52409824,0.515683411,0.524507429,0.517929335,68.39793522,71.5596697,73.10094296,53.24187709,73.29959027,66.06233937,5120.786328,2834.697476,4364.232684,0.001991145,8.98E-08,2.56E-10,4.99E-11,-4.75E-21,-4.78E-15,3.05E-21,Clown Fish
0.03204143,0.029244176,0.0323717,0.029220664,0.027707257,0.029244176,0.027662799,0.029220664,0.026216486,0.026108164,0.025940107,0.0260969,1.415890942,1.740454368,1.39825804,1.748419623,1.994776841,1.740454368,2.034592073,1.748419623,2.352482958,2.357328413,2.450301108,2.372000115,4.419521882,6.567060014,4.149874205,6.724336686,9.800977402,6.567060014,9.533428351,6.724336686,15.75288592,14.3320108,15.52888602,14.86772726,0.504732848,0.444325837,0.504733692,0.443461515,0.415397832,0.444325837,0.406650491,0.443461515,0.379844085,0.3739413,0.366645044,0.373028943,63.4376399,65.76724247,86.72682855,61.03513743,137.3014796,73.04013438,4325.330182,3725.288001,5334.86123,0.001632669,3.74E-07,2.18E-10,5.82E-11,3.67E-21,2.92E-14,5.45E-21,Clown Fish
0.056306547,0.055853944,0.056162545,0.055722284,0.054351488,0.055853944,0.054284103,0.055722284,0.053135019,0.053245585,0.053232978,0.053328323,3.54748804,4.971188754,4.56355942,5.868542883,6.14416626,4.971188754,8.148203488,5.868542883,8.634960049,8.84572009,11.49293878,10.66521902,65.65460401,142.5329906,98.89566377,156.6065406,205.4282738,142.5329906,315.6364826,156.6065406,375.6433456,417.7216891,579.281207,488.1851009,0.362139383,0.330724551,0.338190895,0.31358479,0.297215167,0.330724551,0.280803173,0.31358479,0.265488959,0.270729943,0.253832121,0.258958014,103.4245202,92.29511339,58.51520809,70.20729175,78.02844509,80.90039809,8518.387956,4929.063815,6544.874411,0.001841831,4.86E-07,4.29E-10,2.34E-10,-3.64E-20,-3.78E-14,-6.44E-20,Clown Fish
0.025431294,0.021691485,0.024292602,0.02110152,0.019562476,0.021691485,0.018768661,0.02110152,0.017088288,0.017171764,0.016364928,0.016635045,3.533766279,4.737332045,3.702483928,5.116272943,6.249210932,4.737332045,6.54779498,5.116272943,8.51945056,8.055175011,8.964216782,8.833044983,72.59797297,96.74268318,55.26253068,136.902778,230.2200797,96.74268318,173.2906873,136.902778,405.0965736,276.6127157,312.0480228,390.9550585,0.347499286,0.270144895,0.319531942,0.258974861,0.229159522,0.270144895,0.208918304,0.258974861,0.182688321,0.182287689,0.165162711,0.173640207,48.53289842,52.71140646,72.7757514,57.09715909,124.7149115,62.4584509,2778.492371,3260.085576,3901.058088,0.002082721,1.18E-06,1.40E-10,6.22E-11,3.48E-21,-1.01E-14,4.65E-21,Clown Fish
0.015264544,0.013630429,0.015344832,0.013862766,0.01251624,0.013630429,0.012539219,0.013862766,0.011227519,0.011391438,0.011306014,0.011521908,13.7201467,18.23258293,13.25119712,17.25079497,23.26245511,18.23258293,22.90697422,17.25079497,29.72689076,29.05197456,29.69325455,27.89674339,580.4627665,969.7948074,494.3785419,869.9728445,1576.150093,969.7948074,1393.258417,869.9728445,2358.972762,2191.8227,2156.483364,2029.350646,0.141234374,0.112115249,0.137330168,0.116042138,0.096809367,0.112115249,0.092041826,0.116042138,0.080200967,0.081696317,0.076761975,0.080759856,57.91785043,63.76219861,104.8769369,65.20865742,115.0375817,66.81919152,4065.617972,4252.169002,4464.804356,0.001790805,4.92E-07,6.43E-11,6.70E-12,-2.40E-23,-9.00E-16,1.37E-22,Clown Fish
0.098747106,0.089830818,0.103704461,0.089757492,0.085497921,0.089830818,0.091587275,0.089757492,0.078613735,0.075799388,0.083730508,0.075600539,5.678232383,7.929833574,6.965561467,8.31184867,9.128598255,7.929833574,10.49905777,8.31184867,11.33881014,11.13701231,11.9744446,11.5744321,381.561507,724.0296371,586.325019,807.2319316,943.702755,724.0296371,1281.066879,807.2319316,1344.789192,1320.200055,1536.005623,1408.684386,0.69340226,0.64046325,0.718228268,0.637707592,0.602147357,0.64046325,0.642761704,0.637707592,0.551173958,0.546039153,0.594111124,0.541919039,170.1494073,48.60756425,182.1347819,55.45315261,10.18345424,31.00898465,2362.695302,3075.052135,961.5571293,0.001354417,1.24E-07,4.44E-12,3.50E-12,1.18E-23,1.14E-15,-7.14E-24,Pari Tutul
0.010047069,0.008735285,0.010167769,0.008756306,0.008065165,0.008735285,0.008163675,0.008756306,0.007662916,0.00761143,0.007692826,0.007629412,16.87038899,21.96162778,15.67974484,21.85494966,27.26256971,21.96162778,25.47865543,21.85494966,31.42007371,31.76675917,29.96234594,31.54118451,586.4764197,920.3346248,487.7590204,910.1547113,1381.999624,920.3346248,1206.792069,910.1547113,1764.573173,1789.053467,1614.046545,1761.960537,0.089267443,0.06398483,0.087971471,0.064292954,0.051732514,0.06398483,0.053488838,0.064292954,0.042553485,0.041225438,0.043705842,0.041679905,171.7212917,81.05133425,139.4236231,67.51605713,55.80235904,61.10975871,6569.318783,4558.41797,3734.402609,0.001671889,2.11E-07,7.54E-12,1.45E-12,4.05E-24,1.45E-16,2.53E-24,Pari Tutul
0.039275886,0.031638792,0.036551399,0.032502058,0.030261882,0.031638792,0.028037429,0.032502058,0.02700583,0.025503371,0.024959469,0.026356348,3.483688159,5.232265587,4.210534017,5.377405474,6.208903097,5.232265587,7.448328691,5.377405474,8.312684314,8.777648711,9.774087634,8.933585232,83.14584202,169.646791,99.61843851,162.8128483,247.0645601,169.646791,303.4555014,162.8128483,427.6014252,450.6479158,505.9099401,441.9042036,0.467478708,0.354220429,0.424524484,0.363680103,0.336422682,0.354220429,0.294757472,0.363680103,0.283098023,0.253545017,0.244749253,0.264290563,157.3860576,51.14911568,182.3190451,58.32171748,115.7715885,52.58512044,2616.232034,3401.42273,2765.194891,0.001170983,1.11E-07,9.53E-12,2.74E-12,-4.06E-24,-9.10E-16,1.34E-23,Pari Tutul
0.034815181,0.030125544,0.03517681,0.029942121,0.029104262,0.030125544,0.029601241,0.029942121,0.026471205,0.025617632,0.02728922,0.025160899,12.68452838,16.65404747,12.89914787,16.70498031,19.51028428,16.65404747,19.53478643,16.70498031,21.3808124,21.39702694,21.08359362,21.50823936,1009.603593,1596.466885,1040.485121,1597.047498,2123.379983,1596.466885,2115.250666,1597.047498,2300.071608,2301.26839,2219.605819,2315.989181,0.310377661,0.244171181,0.307319979,0.243263322,0.225590782,0.244171181,0.223003914,0.243263322,0.195465555,0.182124168,0.194469364,0.179093307,139.5841333,42.766746,96.55423333,38.04966996,21.65671667,44.77982524,1828.994563,1447.777384,2005.232748,0.002070385,5.20E-07,1.76E-11,7.38E-12,4.61E-23,4.86E-15,7.02E-23,Pari Tutul
0.085712434,0.075880911,0.083408113,0.0755889,0.072209559,0.075880911,0.071666139,0.0755889,0.069474613,0.069268797,0.069741313,0.068991542,2.767566601,3.460283452,2.556652542,3.512677099,4.280402604,3.460283452,4.011917453,3.512677099,5.050016038,4.877514541,4.805352079,4.938234738,51.02361505,75.59804511,37.67516949,79.79819878,129.4389192,75.59804511,108.129658,79.79819878,186.7149626,170.9073344,169.1679277,176.244524,0.441320929,0.371735187,0.430923509,0.3702812,0.339576807,0.371735187,0.339266275,0.3702812,0.316222479,0.316151546,0.321753483,0.314730993,197.5407072,26.86112812,129.1477397,16.58608924,18.36737547,14.76518016,721.5202038,275.0983563,218.0105451,0.001738881,4.37E-07,5.90E-13,5.13E-12,8.86E-24,2.39E-15,-1.03E-24,Pari Tutul
0.017936237,0.016065033,0.017375498,0.01577072,0.015507962,0.016065033,0.015068588,0.01577072,0.015156516,0.015125428,0.014945191,0.014902718,19.64719376,23.44015315,21.41193608,25.52759384,27.86119792,23.44015315,29.01641312,25.52759384,28.77077554,28.01711559,28.64478114,28.66625719,1685.71533,2353.763041,1974.537882,2719.050577,3217.690171,2353.763041,3371.620977,2719.050577,3269.198934,3087.244794,3141.776034,3165.199799,0.146459498,0.116032683,0.136836279,0.112515271,0.107381381,0.116032683,0.102093374,0.112515271,0.103229711,0.101429605,0.100805946,0.098448529,93.06834815,49.72179404,66.48962963,50.4736591,60.09322963,43.8085754,2472.256803,2547.590263,1919.191279,0.002301326,5.30E-07,1.04E-10,5.27E-12,-8.96E-23,2.22E-15,-8.49E-23,Pari Tutul
0.039537163,0.0338432,0.038891575,0.033760255,0.030642194,0.0338432,0.030232618,0.033760255,0.027357084,0.027482563,0.026998441,0.027371059,2.760456885,3.844991317,3.02021399,4.027302995,4.78138944,3.844991317,5.263069862,4.027302995,6.284831308,6.253955625,6.979831254,6.642285734,28.28467151,56.87724251,38.72545778,66.77682252,88.33898559,56.87724251,123.8938292,66.77682252,162.4013506,165.6176357,229.815491,200.5999394,0.403842175,0.321807596,0.394041047,0.320962495,0.275691342,0.321807596,0.269555056,0.320962495,0.227865589,0.228847596,0.222937633,0.227912034,117.9410459,47.05498692,47.43397075,38.54765886,26.26498248,25.93087642,2214.171794,1485.922003,672.410352,0.002952913,5.04E-07,2.20E-09,6.53E-10,7.58E-19,4.50E-13,-1.88E-19,Pari Tutul
0.025881775,0.025369669,0.026006485,0.02537052,0.025250056,0.025369669,0.025130834,0.02537052,0.024939431,0.024804245,0.024734625,0.024723141,17.56792929,20.3984002,16.53284967,20.73717623,23.69383562,20.3984002,23.1826224,20.73717623,24.77359837,24.49902519,24.86578725,24.64473347,1097.883788,1499.775038,959.6418261,1546.589639,2110.43894,1499.775038,1996.028014,1546.589639,2218.092406,2189.817788,2236.057699,2199.279744,0.096951405,0.085541504,0.103781628,0.08355526,0.083929009,0.085541504,0.08342019,0.08355526,0.084611764,0.0820844,0.084856675,0.082422177,188.2083208,72.3241837,115.2329814,42.70149842,47.39248366,35.23931512,5230.787548,1823.417967,1241.80933,0.001769571,1.22E-07,1.58E-13,5.85E-13,-8.82E-26,-4.78E-17,1.55E-25,Pari Tutul
0.017551841,0.014284241,0.01583902,0.013958499,0.013508225,0.014284241,0.012665359,0.013958499,0.01231228,0.012102198,0.011847754,0.011890156,10.79770781,15.18060439,11.96008403,15.89988281,18.67952806,15.18060439,20.25908938,15.89988281,23.64671081,23.57510487,24.99058055,24.68900321,461.9392742,829.3846177,490.9975769,884.3905312,1345.958263,829.3846177,1403.979127,884.3905312,2104.581657,2007.871798,2147.803898,2126.720158,0.181981469,0.12368747,0.158771865,0.117269339,0.108535709,0.12368747,0.097815423,0.117269339,0.086082868,0.083290034,0.080693131,0.078153557,128.8863982,66.04575816,101.5630057,59.85710856,38.63962855,37.51591759,4362.04217,3582.873446,1407.444072,0.002451979,1.50E-06,2.21E-10,1.04E-10,9.70E-21,1.03E-13,-1.25E-20,Pari Tutul
0.067424666,0.05330236,0.060435315,0.052823919,0.054364005,0.05330236,0.048361927,0.052823919,0.048065535,0.043142268,0.043598431,0.042641329,9.051507123,13.68302458,13.83939011,16.49704702,15.11086229,13.68302458,19.99379186,16.49704702,18.8216287,19.71740157,21.66934762,21.19868565,649.9650211,1412.344107,1453.402725,1987.476207,1708.34931,1412.344107,2662.983946,1987.476207,2445.358685,2556.43642,2834.031512,2794.167577,0.435210851,0.330889756,0.371060989,0.322453933,0.335238509,0.330889756,0.279895072,0.322453933,0.286949752,0.246589759,0.24403923,0.241262507,108.2033819,44.12937649,45.11384542,43.13184817,11.52860227,39.2716416,1947.401869,1860.356326,1542.261834,0.004132917,3.15E-06,9.21E-10,4.59E-11,-9.40E-21,6.48E-14,6.70E-22,Pari Tutul
0.051924746,0.040969934,0.046169572,0.040974174,0.039737249,0.040969934,0.035768283,0.040974174,0.034958209,0.032823785,0.032041784,0.032859084,3.767318348,5.913190814,4.731528782,5.87192562,6.20062853,5.913190814,7.602672032,5.87192562,7.923303099,8.72802322,9.23891129,8.653936991,213.6954951,434.8226122,291.9546613,435.09823,489.9659078,434.8226122,657.3184708,435.09823,741.6816525,812.7381159,890.3659489,814.9787576,0.549607434,0.422783304,0.485721955,0.421740325,0.408169206,0.422783304,0.353915828,0.421740325,0.343015803,0.309111352,0.300323013,0.308908113,92.89652104,30.34440596,70.12866266,34.617149,10.74891917,25.75096072,920.7829728,1198.347005,663.1119778,0.002993532,1.35E-06,2.24E-10,5.54E-11,-4.57E-21,-5.43E-15,4.15E-21,Pari Tutul
0.022831253,0.020933601,0.022603367,0.02040524,0.019500515,0.020933601,0.01919545,0.02040524,0.018784446,0.018806624,0.018492105,0.018654837,6.604723616,8.651333226,7.445719863,9.170943762,10.14721152,8.651333226,11.20878548,9.170943762,11.93916637,12.02354063,12.69157102,12.31485944,136.4214618,257.8885585,191.2215814,284.4816823,354.8901081,257.8885585,449.651787,284.4816823,499.158055,507.3818871,552.9122289,527.3447325,0.197965143,0.170391263,0.192398813,0.161373625,0.150490668,0.170391263,0.145566912,0.161373625,0.140780499,0.139590345,0.135751386,0.13733889,113.8059807,35.02025829,119.5744089,39.07786327,110.4832376,38.94160964,1226.418491,1527.079398,1516.448961,0.001695199,3.49E-07,6.81E-12,1.31E-11,-3.27E-23,8.69E-16,-1.20E-22,Pari Tutul
0.051215279,0.040660171,0.046570619,0.040685074,0.040000624,0.040660171,0.036722942,0.040685074,0.036467841,0.034147212,0.034509993,0.03417277,3.453502189,5.508344717,4.471383445,5.660814385,6.273001147,5.508344717,7.948762521,5.660814385,8.56182321,9.371422124,10.54735954,9.653774229,88.35658849,221.2636974,149.1437542,225.948924,301.8472481,221.2636974,479.2953224,225.948924,573.4924838,657.4034488,838.1264813,684.2204571,0.515076273,0.395714226,0.467029827,0.396767775,0.385748847,0.395714226,0.347751878,0.396767775,0.339964822,0.307442057,0.316077797,0.307938916,189.636287,62.40629514,76.76634531,37.65095646,4.782872917,14.27226939,3894.545673,1417.594523,203.6976735,0.002394574,3.71E-07,4.07E-11,4.23E-11,-1.39E-21,9.38E-15,1.07E-21,Pari Tutul
0.037219304,0.032420798,0.038316612,0.032034125,0.02917169,0.032420798,0.02976595,0.032034125,0.02542578,0.025612062,0.025749556,0.025119348,1.943987329,2.693864728,1.814945841,2.55336563,3.554750307,2.693864728,3.258620549,2.55336563,4.959133019,4.69504766,4.489993851,4.490827251,17.50383609,37.25911122,21.9330002,33.71619174,54.148377,37.25911122,65.0147237,33.71619174,98.80644599,100.9201977,114.0827137,96.74750002,0.528100695,0.453603261,0.559596472,0.451015188,0.393287388,0.453603261,0.416783422,0.451015188,0.327693523,0.332877494,0.343817656,0.32680153,119.8682816,72.86126659,136.1814959,55.8680285,143.3818265,67.10732283,5308.764169,3121.236608,4503.392778,0.001105899,1.88E-08,5.09E-12,1.30E-12,-2.73E-24,-4.96E-17,1.92E-24,Yellow Butterfly Fish
0.086255689,0.071189479,0.080246874,0.071433341,0.070989905,0.071189479,0.066981487,0.071433341,0.065470832,0.0610244,0.062837371,0.061317984,1.690632979,2.563058962,1.89833454,2.319686101,2.748734968,2.563058962,3.015918789,2.319686101,3.444232981,3.778593325,3.691761998,3.435927412,32.17891746,69.2569607,38.80798849,53.08191309,80.5524705,69.2569607,91.90391169,53.08191309,123.3400185,141.2749009,134.3718388,117.0990893,0.612120677,0.504830041,0.580780664,0.510882546,0.493556566,0.504830041,0.465775644,0.510882546,0.444635576,0.407678263,0.423413675,0.414217628,25.01686019,34.34820856,63.12166938,82.51363943,60.43165093,81.72971362,1179.799431,6808.500691,6679.746089,0.001560867,7.87E-08,9.81E-10,3.97E-10,4.21E-20,7.80E-14,2.45E-19,Yellow Butterfly Fish
0.059874649,0.051491435,0.059125382,0.051262271,0.052291237,0.051491435,0.051892957,0.051262271,0.047199395,0.043079981,0.04773878,0.042907409,2.087796327,3.300655646,2.631925647,3.583407601,3.959184783,3.300655646,4.900762144,3.583407601,5.682365997,5.916887951,6.908463476,6.435740576,17.41152755,41.13515006,33.13597744,53.22537563,56.01243729,41.13515006,100.6974456,53.22537563,109.8183291,122.0916245,183.5289001,154.1792575,0.559241831,0.460563817,0.534623495,0.454181263,0.447002276,0.460563817,0.428199976,0.454181263,0.384690008,0.357418296,0.373868306,0.352453217,87.30470833,49.61169833,100.7153333,54.88878922,95.001725,71.79828304,2461.320611,3012.779182,5154.993447,0.001568307,4.64E-07,1.03E-10,1.90E-12,2.29E-23,1.22E-15,1.34E-23,Yellow Butterfly Fish
0.118669995,0.108215431,0.121617676,0.108500576,0.104240721,0.108215431,0.107929084,0.108500576,0.096339978,0.094332102,0.10123229,0.094720568,3.058990148,4.993634903,4.407277321,5.418963457,4.767867435,4.993634903,7.086279401,5.418963457,5.845086705,7.59060187,9.004085939,8.170858126,142.3884442,371.0715816,302.9536412,394.9589874,243.3355702,371.0715816,576.3604853,394.9589874,289.1529315,623.5446997,790.7439513,670.7743868,0.560148678,0.475166632,0.528722143,0.478528562,0.457174568,0.475166632,0.435082202,0.478528562,0.404695063,0.386001136,0.39196974,0.39280218,104.982235,65.60233162,68.32155137,82.50119836,59.77666803,78.8453104,4303.665914,6806.44773,6216.582972,0.001903184,9.74E-09,7.05E-10,8.28E-11,1.93E-20,3.20E-15,5.42E-21,Yellow Butterfly Fish
0.046796889,0.039063721,0.046024195,0.039093228,0.036708347,0.039063721,0.036055728,0.039093228,0.032403087,0.031061494,0.031562877,0.031117845,1.76821419,2.56050698,1.970381006,2.597995695,3.074913248,2.56050698,3.384540571,2.597995695,4.068462784,4.172369966,4.440009398,4.203301348,15.4453776,31.42285107,21.72556494,34.73421621,45.97247848,31.42285107,60.32329189,34.73421621,79.22729255,82.24682007,98.51963346,87.54805933,0.539323002,0.436456779,0.516287165,0.437087113,0.400866148,0.436456779,0.383074433,0.437087113,0.339038037,0.322656461,0.322895149,0.323758972,32.9082018,39.51062217,79.76108515,64.39596158,78.22980008,76.76617103,1561.089264,4146.839868,5893.045015,0.001733682,4.07E-07,5.49E-10,3.19E-10,1.27E-19,1.63E-13,4.36E-20,Yellow Butterfly Fish
0.056489747,0.049455193,0.052931364,0.050152372,0.051149926,0.049455193,0.046585004,0.050152372,0.048385773,0.043717667,0.042630372,0.04435452,7.791167784,12.12858318,10.16040526,11.82796734,11.97415865,12.12858318,15.87448775,11.82796734,14.68872667,18.08665992,19.92342179,17.29544534,350.291088,662.9945237,468.0546541,631.428858,636.7184696,662.9945237,996.558417,631.428858,849.6784709,1220.893219,1405.508583,1122.080182,0.357125984,0.258350614,0.296118073,0.262510556,0.27175917,0.258350614,0.218611775,0.262510556,0.231887992,0.190250044,0.181483462,0.195945928,57.46823314,46.33785953,64.09120547,56.9657794,65.18338502,59.38346687,2147.197226,3245.100023,3526.396137,0.002650046,6.91E-07,3.74E-10,1.25E-09,8.45E-19,1.03E-12,1.38E-19,Yellow Butterfly Fish
0.095250108,0.083214177,0.094077931,0.08361615,0.079394701,0.083214177,0.078804603,0.08361615,0.070892991,0.068420443,0.070084222,0.068879111,0.995849488,1.619549482,1.204621346,1.442260558,1.781155716,1.619549482,2.167354993,1.442260558,2.404909779,2.739517689,2.944792624,2.434133354,7.771877849,22.22767405,12.02733945,13.8853424,24.50624619,22.22767405,38.96089161,13.8853424,44.0738245,62.51295723,70.54451689,40.86960726,0.71172166,0.61655651,0.682576262,0.61756641,0.585563207,0.61655651,0.556128393,0.61756641,0.512674106,0.492130673,0.482601842,0.49293218,40.04002476,34.88295387,58.37568631,61.55266607,65.55411129,64.26632228,1216.820471,3788.7307,4130.160179,0.001960481,5.29E-07,1.01E-10,6.34E-10,1.40E-19,4.31E-13,-7.87E-20,Yellow Butterfly Fish
0.330291276,0.314305447,0.323192767,0.315231596,0.318765295,0.314305447,0.30760295,0.315231596,0.310154529,0.296913641,0.29681241,0.298034789,3.816137792,4.84153762,4.278855003,5.890044321,6.598934208,4.84153762,7.147003222,5.890044321,8.694632027,7.583581799,9.106242588,9.351687408,126.016219,169.743655,134.156993,290.1493835,386.9361704,169.743655,391.4323093,290.1493835,654.3008301,445.4924056,641.0606577,724.6890394,0.634682759,0.587745637,0.614197652,0.588014592,0.588426349,0.587745637,0.56488426,0.588014592,0.565578489,0.543007247,0.540797676,0.54399757,71.57785714,43.459721,64.82493603,80.76564377,67.32301706,81.78117989,1888.74735,6523.089214,6688.161385,0.001396536,1.67E-07,1.19E-10,1.61E-10,1.31E-20,6.49E-14,1.80E-20,Yellow Butterfly Fish
0.030663345,0.025785296,0.029720905,0.026271347,0.023851013,0.025785296,0.023463815,0.026271347,0.020995105,0.020762046,0.021016203,0.02114588,2.148292079,3.166466378,2.439623069,3.048923582,3.731172096,3.166466378,4.181323283,3.048923582,4.990414894,5.190908509,5.520446427,5.093142768,20.30027935,44.41473557,30.33571216,43.69682339,59.40185198,44.41473557,86.96901173,43.69682339,101.6434149,111.9193595,145.803345,118.9911028,0.458488874,0.368349474,0.443889828,0.369826574,0.32192432,0.368349474,0.317436924,0.369826574,0.263622945,0.264815545,0.267362594,0.263907789,65.72253884,46.79123823,109.8363559,83.97172328,87.31947034,79.82537563,2189.419975,7051.250311,6372.090594,0.001163179,1.80E-07,2.00E-11,1.96E-11,3.74E-22,8.02E-15,-9.70E-23,Yellow Butterfly Fish
0.019187934,0.018059703,0.020127389,0.018362834,0.017983598,0.018059703,0.017885443,0.018362834,0.017415424,0.01716296,0.017550818,0.017422683,9.137751925,10.37329192,8.115429367,9.786953271,11.17077719,10.37329192,10.87054569,9.786953271,12.47080244,12.97171168,11.9762941,12.13510297,211.6288219,269.9491869,163.7603491,233.2207788,340.2422691,269.9491869,303.9485207,233.2207788,435.4893557,463.7054891,389.6819156,389.1163598,0.161904839,0.132973383,0.174051722,0.1386632,0.131548649,0.132973383,0.129367745,0.1386632,0.121630802,0.114626045,0.122295402,0.119518487,61.45995098,41.57484841,111.1018464,63.52117824,110.8161928,65.52591781,1728.46802,4034.940085,4293.645904,0.001216977,1.18E-09,6.54E-12,2.98E-12,6.80E-24,1.02E-16,-1.13E-23,Yellow Butterfly Fish
0.347214603,0.346212489,0.346990325,0.34623674,0.346231758,0.346212489,0.345901387,0.34623674,0.345585527,0.344923138,0.345125539,0.34498725,3.163607433,4.35636001,3.509367991,4.560819762,5.19850794,4.35636001,5.772131411,4.560819762,6.394253634,6.568989549,7.083247557,6.732584812,46.07066046,80.1170453,54.53695241,95.18520292,121.9983753,80.1170453,147.4200081,95.18520292,183.5983454,183.8309543,220.1415212,206.243476,0.535974074,0.489905173,0.52136582,0.490939759,0.475917913,0.489905173,0.467010207,0.490939759,0.456844578,0.450667652,0.449573149,0.452594472,149.4511638,97.90029479,161.8270292,42.08079066,95.33245325,83.35014959,9584.46772,1770.792942,6947.247437,0.001221998,8.32E-08,4.32E-14,1.04E-13,1.03E-27,-2.80E-17,6.86E-27,Yellow Butterfly Fish
0.141451721,0.133809167,0.149124475,0.133744423,0.129662701,0.133809167,0.1389977,0.133744423,0.122919154,0.12073675,0.132059813,0.12071448,1.688622129,2.079070254,1.329770195,2.41231442,2.98312994,2.079070254,2.441515363,2.41231442,4.058257629,3.559576681,3.366053922,4.151930764,28.193447,37.03185606,21.23084958,58.06252581,84.02810902,37.03185606,73.92058892,58.06252581,153.8310622,109.438156,140.7118756,172.9778582,0.713787015,0.669043402,0.758707829,0.660433977,0.626333202,0.669043402,0.683515636,0.660433977,0.574380131,0.581064518,0.638641405,0.570471666,102.3399537,37.39547514,93.76817708,65.76096516,63.07657986,86.02688357,1398.421561,4324.504539,7400.624697,0.001379639,8.64E-08,6.88E-12,1.54E-11,-1.55E-22,2.87E-15,-3.42E-23,Yellow Butterfly Fish
